{"data":{
	"UW1": {"x":0.10032849464146538, "y":0.6818902568646771},
	"SM1": {"x":0.3596233502316715, "y":0.5416683346880621},
	"MG1": {"x":0.5522421014445256, "y":0.22337155260298047},
	"JF1": {"x":0.436470272548534, "y":0.7233219678704336},
	"JF2": {"x":0.2522481494176995, "y":0.41792039861313496},
	"CF1": {"x":0.6565665492661237, "y":0.41488758678767623},
	"CF2": {"x":0.06743992945778458, "y":0.41867761671754217},
	"FA1": {"x":0.15801262168774477, "y":0.22303709890801557},
	"EC1": {"x":0.6572352964782209, "y":0.7213483502375678},
	"FC1": {"x":0.5456962520169226, "y":0.5682725294862254},
	"RFC1": {"x":0.2346776786990448, "y":0.8221337018498137},
	"AC1": {"x":0.46305193449855614, "y":0.43480837587189974},
	"P1": {"x":0.2382651855925803, "y":0.5544826099704628},
	"NPSSC1": {"x":0.2384124694849934, "y":0.669787682001539},
	"CI1": {"x":0.3578309165830942, "y":0.22213517536662925},
	"H1S1": {"x":0.11260390221465727, "y":0.5598508903327264},
	"t1": {"x":0.35910228580855297, "y":0.3854353864082284},
	"t2": {"x":0.45203920408844595, "y":0.2249715439134397},
	"t3": {"x":0.6559713414719471, "y":0.22079773625445592},
	"t4": {"x":0.6587066016345632, "y":0.566568803335007},
	"t5": {"x":0.35938754688386826, "y":0.7180932187622635},
	"t6": {"x":0.15950182066327112, "y":0.4172209995400549},
	"t7": {"x":0.24989365208412861, "y":0.22149801525631488},
	"t8": {"x":0.06898364379574623, "y":0.2268746630656324},
	"t9": {"x":0.5781253874009009, "y":0.7185440311145378},
	"t10": {"x":0.5109654831530905, "y":0.7243480878396921},
	"t11": {"x":0.5432153997244111, "y":0.44190413632273734}
}}
